
-- Insert 2 test swimmers
INSERT INTO public.swimmer (ID, CREATED_DATE, MODIFIED_DATE, CLUB, ENCRYPTED_PASSWORD, LEVEL, NUMBER, REGISTRATION_ID,
                            ADDRESS, BIRTHDAY, CITY, EMAIL_ADDRESS, MOBILE_PHONE, NAME, PHONE, USER_NAME, TOKEN_VALID_AFTER)
    VALUES (10001, NOW(), NOW(), 'PSV', '$2a$10$V7yPI8U3LAepUcq2UFi4n.ubmdmOFOlHQ0UTha5jxl7XXJ8yom81y', 'A', 15, 19877465,
            'Hoge Tom 16, 5673 LX', DATE '1987-04-07', 'Nuenen', 'fernandez.afb@gmail.com',
            '0647709546', 'Alejandro Fernandez', '040 0647709546', 'fernandezafb', NULL);

INSERT INTO public.swimmer (ID, CREATED_DATE, MODIFIED_DATE, CLUB, ENCRYPTED_PASSWORD, LEVEL, NUMBER, REGISTRATION_ID,
                            ADDRESS, BIRTHDAY, CITY, EMAIL_ADDRESS, MOBILE_PHONE, NAME, PHONE, USER_NAME, TOKEN_VALID_AFTER)
VALUES (10002, NOW(), NOW(), 'PSV', '$2a$10$V7yPI8U3LAepUcq2UFi4n.ubmdmOFOlHQ0UTha5jxl7XXJ8yom81y', 'B', 20, 17845234,
               'Ithacastraat, 5625 FP', DATE '1989-07-16', 'Eindhoven', 'ana.mb@gmail.com',
        '0615709645', 'Ana Marin', '040 0615709645', 'anamb', NULL);

-- Insert 1 test coach
INSERT INTO public.coach (ID, CREATED_DATE, MODIFIED_DATE, CLUB, EMAIL_ADDRESS, ENCRYPTED_PASSWORD, NAME, TOKEN_VALID_AFTER)
    VALUES (10001, NOW(), NOW(), 'PSV', 'coach@gmail.com', '$2a$10$mR4QgkV5WYKxwUhv4dziUuDh5X8Yh1EBZQD.KXoS8fdj7y1y3P9Ke', 'Coach Alejandro', NULL);

-- Insert 3 competitions
INSERT INTO public.competition (ID, CREATED_DATE, MODIFIED_DATE, COURSE, END_DATE, NUMBER, PLACE, START_DATE)
    VALUES (10001, NOW(), NOW(), 'LONG', DATE '2018-09-15', 12345, 'Eindhoven', DATE '2017-09-15');

INSERT INTO public.competition (ID, CREATED_DATE, MODIFIED_DATE, COURSE, END_DATE, NUMBER, PLACE, START_DATE)
    VALUES (10002, NOW(), NOW(), 'SHORT', DATE '2018-09-05', 54321, 'Amsterdam', DATE '2017-09-05');

INSERT INTO public.competition (ID, CREATED_DATE, MODIFIED_DATE, COURSE, END_DATE, NUMBER, PLACE, START_DATE)
    VALUES (10003, NOW(), NOW(), 'LONG', DATE '2018-11-12', 32154, 'Utrecht', DATE '2017-11-14');

-- Insert 10 meets
INSERT INTO public.meet (ID, CREATED_DATE, MODIFIED_DATE, AGE_GROUP, DISTANCE, PROGRAM_NUMBER, STROKE, COMPETITION_ID)
    VALUES (10001, NOW(), NOW(), '13-15', 'ONE_HUNDRED', 1001, 'BUTTERFLY', 10001);
INSERT INTO public.meet (ID, CREATED_DATE, MODIFIED_DATE, AGE_GROUP, DISTANCE, PROGRAM_NUMBER, STROKE, COMPETITION_ID)
    VALUES (10002, NOW(), NOW(), '11-12', 'FIFTY', 1002, 'BREASTSTROKE', 10001);
INSERT INTO public.meet (ID, CREATED_DATE, MODIFIED_DATE, AGE_GROUP, DISTANCE, PROGRAM_NUMBER, STROKE, COMPETITION_ID)
    VALUES (10003, NOW(), NOW(), '11-12', 'ONE_HUNDRED', 1003, 'FREESTYLE', 10001);
INSERT INTO public.meet (ID, CREATED_DATE, MODIFIED_DATE, AGE_GROUP, DISTANCE, PROGRAM_NUMBER, STROKE, COMPETITION_ID)
    VALUES (10004, NOW(), NOW(), '13-15', 'FOUR_HUNDRED', 1004, 'MEDLEY', 10002);
INSERT INTO public.meet (ID, CREATED_DATE, MODIFIED_DATE, AGE_GROUP, DISTANCE, PROGRAM_NUMBER, STROKE, COMPETITION_ID)
    VALUES (10005, NOW(), NOW(), '13-15', 'TWO_HUNDRED', 1005, 'BACKSTROKE', 10002);
INSERT INTO public.meet (ID, CREATED_DATE, MODIFIED_DATE, AGE_GROUP, DISTANCE, PROGRAM_NUMBER, STROKE, COMPETITION_ID)
    VALUES (10006, NOW(), NOW(), '13-15', 'EIGHT_HUNDRED', 1006, 'BREASTSTROKE', 10002);
INSERT INTO public.meet (ID, CREATED_DATE, MODIFIED_DATE, AGE_GROUP, DISTANCE, PROGRAM_NUMBER, STROKE, COMPETITION_ID)
    VALUES (10007, NOW(), NOW(), '16-18', 'ONE_HUNDRED', 1007, 'FREESTYLE', 10002);
INSERT INTO public.meet (ID, CREATED_DATE, MODIFIED_DATE, AGE_GROUP, DISTANCE, PROGRAM_NUMBER, STROKE, COMPETITION_ID)
    VALUES (10008, NOW(), NOW(), '16-18', 'FOUR_HUNDRED', 1008, 'BACKSTROKE', 10003);
INSERT INTO public.meet (ID, CREATED_DATE, MODIFIED_DATE, AGE_GROUP, DISTANCE, PROGRAM_NUMBER, STROKE, COMPETITION_ID)
    VALUES (10009, NOW(), NOW(), '11-12', 'FIFTY', 1009, 'BUTTERFLY', 10003);
INSERT INTO public.meet (ID, CREATED_DATE, MODIFIED_DATE, AGE_GROUP, DISTANCE, PROGRAM_NUMBER, STROKE, COMPETITION_ID)
    VALUES (10010, NOW(), NOW(), '13-15', 'TWO_HUNDRED', 1010, 'BREASTSTROKE', 10003);